{
  "file_path": "/home/ldap/brigal/wsp/vlmparse/tests/data/Fiche_Graines_A5.pdf",
  "pages": [
    {
      "text": "# Test Document\n\nPage content here.\n",
      "raw_response": "# Test Document\n\nPage content here.",
      "items": null,
      "error": null,
      "buffer_image": {
        "file_path": "/home/ldap/brigal/wsp/vlmparse/tests/data/Fiche_Graines_A5.pdf",
        "page_idx": 0,
        "dpi": 175,
        "max_image_size": 4000
      },
      "latency": 0.0007820159662514925
    },
    {
      "text": "# Test Document\n\nPage content here.\n",
      "raw_response": "# Test Document\n\nPage content here.",
      "items": null,
      "error": null,
      "buffer_image": {
        "file_path": "/home/ldap/brigal/wsp/vlmparse/tests/data/Fiche_Graines_A5.pdf",
        "page_idx": 1,
        "dpi": 175,
        "max_image_size": 4000
      },
      "latency": 0.0007059159688651562
    }
  ],
  "error": null,
  "metadata": {},
  "latency": 0.0050945880357176065
}