{
  "file_path": "/home/ldap/brigal/wsp/vlmparse/tests/data/Fiche_Graines_A5.pdf",
  "pages": [
    {
      "text": "Extracted text\n",
      "raw_response": "Extracted text",
      "items": null,
      "error": null,
      "buffer_image": {
        "file_path": "/home/ldap/brigal/wsp/vlmparse/tests/data/Fiche_Graines_A5.pdf",
        "page_idx": 0,
        "dpi": 200,
        "max_image_size": null
      },
      "latency": 0.0012407080503180623
    },
    {
      "text": "Extracted text\n",
      "raw_response": "Extracted text",
      "items": null,
      "error": null,
      "buffer_image": {
        "file_path": "/home/ldap/brigal/wsp/vlmparse/tests/data/Fiche_Graines_A5.pdf",
        "page_idx": 1,
        "dpi": 200,
        "max_image_size": null
      },
      "latency": 0.0010476709576323628
    }
  ],
  "error": null,
  "metadata": {},
  "latency": 0.005711429985240102
}