{
  "file_path": "/home/ldap/brigal/wsp/vlmparse/tests/data/Fiche_Graines_A5.pdf",
  "pages": [
    {
      "text": null,
      "raw_response": null,
      "items": null,
      "error": {
        "module_class": "OpenAIConverterClient",
        "traceback": "Traceback (most recent call last):\n  File \"/home/ldap/brigal/wsp/vlmparse/vlmparse/converter.py\", line 80, in worker\n    page = await self.async_call_inside_page(page)\n           ^^^^^^^^^^^^^^^^^^^^^^^^^^^^^^^^^^^^^^^\n  File \"/home/ldap/brigal/wsp/vlmparse/vlmparse/clients/openai_converter.py\", line 165, in async_call_inside_page\n    response = await self._get_chat_completion(messages)\n               ^^^^^^^^^^^^^^^^^^^^^^^^^^^^^^^^^^^^^^^^^\n  File \"/home/ldap/brigal/wsp/vlmparse/vlmparse/clients/openai_converter.py\", line 117, in _get_chat_completion\n    response_obj = await self.model.chat.completions.create(\n                   ^^^^^^^^^^^^^^^^^^^^^^^^^^^^^^^^^^^^^^^^^\n  File \"/home/ldap/brigal/.local/share/uv/python/cpython-3.12.9-linux-x86_64-gnu/lib/python3.12/unittest/mock.py\", line 2291, in _execute_mock_call\n    raise effect\nException: API Error\n"
      },
      "buffer_image": {
        "file_path": "/home/ldap/brigal/wsp/vlmparse/tests/data/Fiche_Graines_A5.pdf",
        "page_idx": 0,
        "dpi": 175,
        "max_image_size": 4000
      },
      "latency": null
    },
    {
      "text": null,
      "raw_response": null,
      "items": null,
      "error": {
        "module_class": "OpenAIConverterClient",
        "traceback": "Traceback (most recent call last):\n  File \"/home/ldap/brigal/wsp/vlmparse/vlmparse/converter.py\", line 80, in worker\n    page = await self.async_call_inside_page(page)\n           ^^^^^^^^^^^^^^^^^^^^^^^^^^^^^^^^^^^^^^^\n  File \"/home/ldap/brigal/wsp/vlmparse/vlmparse/clients/openai_converter.py\", line 165, in async_call_inside_page\n    response = await self._get_chat_completion(messages)\n               ^^^^^^^^^^^^^^^^^^^^^^^^^^^^^^^^^^^^^^^^^\n  File \"/home/ldap/brigal/wsp/vlmparse/vlmparse/clients/openai_converter.py\", line 117, in _get_chat_completion\n    response_obj = await self.model.chat.completions.create(\n                   ^^^^^^^^^^^^^^^^^^^^^^^^^^^^^^^^^^^^^^^^^\n  File \"/home/ldap/brigal/.local/share/uv/python/cpython-3.12.9-linux-x86_64-gnu/lib/python3.12/unittest/mock.py\", line 2291, in _execute_mock_call\n    raise effect\n  File \"/home/ldap/brigal/wsp/vlmparse/vlmparse/converter.py\", line 80, in worker\n    page = await self.async_call_inside_page(page)\n           ^^^^^^^^^^^^^^^^^^^^^^^^^^^^^^^^^^^^^^^\n  File \"/home/ldap/brigal/wsp/vlmparse/vlmparse/clients/openai_converter.py\", line 165, in async_call_inside_page\n    response = await self._get_chat_completion(messages)\n               ^^^^^^^^^^^^^^^^^^^^^^^^^^^^^^^^^^^^^^^^^\n  File \"/home/ldap/brigal/wsp/vlmparse/vlmparse/clients/openai_converter.py\", line 117, in _get_chat_completion\n    response_obj = await self.model.chat.completions.create(\n                   ^^^^^^^^^^^^^^^^^^^^^^^^^^^^^^^^^^^^^^^^^\n  File \"/home/ldap/brigal/.local/share/uv/python/cpython-3.12.9-linux-x86_64-gnu/lib/python3.12/unittest/mock.py\", line 2291, in _execute_mock_call\n    raise effect\nException: API Error\n"
      },
      "buffer_image": {
        "file_path": "/home/ldap/brigal/wsp/vlmparse/tests/data/Fiche_Graines_A5.pdf",
        "page_idx": 1,
        "dpi": 175,
        "max_image_size": 4000
      },
      "latency": null
    }
  ],
  "error": null,
  "metadata": {},
  "latency": 0.025496707996353507
}